layer,signal,dataset,field,bucket,threshold_low,threshold_high,holdout_n,avg20,win20,avg60,win60,notes
strict_candidate,candidate_a_repo50_c440_c5gt5,raw_only,signal_day_ret_1d,low,0.013181884374544933,0.039124909222948444,4,0.4348815930007823,1.0,0.8740212264670382,1.0,"tercile thresholds learned from 2023-2025, applied to 2026 holdout"
strict_candidate,candidate_a_repo50_c440_c5gt5,raw_only,signal_day_ret_1d,mid,0.013181884374544933,0.039124909222948444,7,0.23426079605108766,0.8333333333333334,0.4267191606423355,1.0,"tercile thresholds learned from 2023-2025, applied to 2026 holdout"
strict_candidate,candidate_a_repo50_c440_c5gt5,raw_only,signal_day_ret_1d,high,0.013181884374544933,0.039124909222948444,13,0.18341483512277706,0.7692307692307693,0.20538238302591158,0.6666666666666666,"tercile thresholds learned from 2023-2025, applied to 2026 holdout"
strict_candidate,candidate_a_repo50_c440_c5gt5,raw_only,next_open_gap,low,-0.002987165015259834,0.008591403442184264,6,0.32483598074546743,1.0,-0.1579172729889291,0.0,"tercile thresholds learned from 2023-2025, applied to 2026 holdout"
strict_candidate,candidate_a_repo50_c440_c5gt5,raw_only,next_open_gap,mid,-0.002987165015259834,0.008591403442184264,8,0.2570303569982809,0.875,0.6536172496163645,1.0,"tercile thresholds learned from 2023-2025, applied to 2026 holdout"
strict_candidate,candidate_a_repo50_c440_c5gt5,raw_only,next_open_gap,high,-0.002987165015259834,0.008591403442184264,10,0.15713107246571,0.6666666666666666,0.18252505235116967,0.75,"tercile thresholds learned from 2023-2025, applied to 2026 holdout"
strict_candidate,candidate_a_repo50_c440_c5gt5,raw_only,ret_20d,low,0.16327733569112873,0.27370028740267743,3,0.28354434365679876,1.0,,,"tercile thresholds learned from 2023-2025, applied to 2026 holdout"
strict_candidate,candidate_a_repo50_c440_c5gt5,raw_only,ret_20d,mid,0.16327733569112873,0.27370028740267743,14,0.2596208140968315,0.9166666666666666,0.37583084075951395,0.8,"tercile thresholds learned from 2023-2025, applied to 2026 holdout"
strict_candidate,candidate_a_repo50_c440_c5gt5,raw_only,ret_20d,high,0.16327733569112873,0.27370028740267743,7,0.1612170873960857,0.5714285714285714,0.21796016048909106,0.6666666666666666,"tercile thresholds learned from 2023-2025, applied to 2026 holdout"
strict_candidate,candidate_a_repo50_c440_c5gt5,raw_only,range_pos,low,1.0,1.0,24,0.2315728369047716,0.8181818181818182,0.31662933565810536,0.75,"tercile thresholds learned from 2023-2025, applied to 2026 holdout"
strict_candidate,candidate_a_repo50_c440_c5gt5,raw_only,range_pos,mid,1.0,1.0,0,,,,,"tercile thresholds learned from 2023-2025, applied to 2026 holdout"
strict_candidate,candidate_a_repo50_c440_c5gt5,raw_only,range_pos,high,1.0,1.0,0,,,,,"tercile thresholds learned from 2023-2025, applied to 2026 holdout"
strict_candidate,candidate_a_repo50_c440_c5gt5,adjusted_only,signal_day_ret_1d,low,0.018570997339313132,0.054849794275774286,5,0.4560249738893773,1.0,0.8740212264670382,1.0,"tercile thresholds learned from 2023-2025, applied to 2026 holdout"
strict_candidate,candidate_a_repo50_c440_c5gt5,adjusted_only,signal_day_ret_1d,mid,0.018570997339313132,0.054849794275774286,12,0.21445798721470757,0.9,0.1344009438267032,0.5,"tercile thresholds learned from 2023-2025, applied to 2026 holdout"
strict_candidate,candidate_a_repo50_c440_c5gt5,adjusted_only,signal_day_ret_1d,high,0.018570997339313132,0.054849794275774286,9,0.13374493339122623,0.5555555555555556,0.28490282524769306,0.8,"tercile thresholds learned from 2023-2025, applied to 2026 holdout"
strict_candidate,candidate_a_repo50_c440_c5gt5,adjusted_only,next_open_gap,low,-0.002240896463019934,0.0085914034322896,7,0.321261921292368,1.0,-0.1579172729889291,0.0,"tercile thresholds learned from 2023-2025, applied to 2026 holdout"
strict_candidate,candidate_a_repo50_c440_c5gt5,adjusted_only,next_open_gap,mid,-0.002240896463019934,0.0085914034322896,9,0.21282630927000118,0.7777777777777778,0.6650514346477201,1.0,"tercile thresholds learned from 2023-2025, applied to 2026 holdout"
strict_candidate,candidate_a_repo50_c440_c5gt5,adjusted_only,next_open_gap,high,-0.002240896463019934,0.0085914034322896,10,0.1661719821301753,0.625,0.18252505235116967,0.75,"tercile thresholds learned from 2023-2025, applied to 2026 holdout"
strict_candidate,candidate_a_repo50_c440_c5gt5,adjusted_only,ret_20d,low,0.18670429171276137,0.2905083456705302,5,0.3917325830749502,1.0,0.8740212264670382,1.0,"tercile thresholds learned from 2023-2025, applied to 2026 holdout"
strict_candidate,candidate_a_repo50_c440_c5gt5,adjusted_only,ret_20d,mid,0.18670429171276137,0.2905083456705302,14,0.18399687121097644,0.8333333333333334,0.2116517799504473,0.8,"tercile thresholds learned from 2023-2025, applied to 2026 holdout"
strict_candidate,candidate_a_repo50_c440_c5gt5,adjusted_only,ret_20d,high,0.18670429171276137,0.2905083456705302,7,0.16762646638652548,0.5,0.31752855706981764,0.5,"tercile thresholds learned from 2023-2025, applied to 2026 holdout"
strict_candidate,candidate_a_repo50_c440_c5gt5,adjusted_only,range_pos,low,1.0,1.0,26,0.2248862681837227,0.782608695652174,0.32091715504486373,0.75,"tercile thresholds learned from 2023-2025, applied to 2026 holdout"
strict_candidate,candidate_a_repo50_c440_c5gt5,adjusted_only,range_pos,mid,1.0,1.0,0,,,,,"tercile thresholds learned from 2023-2025, applied to 2026 holdout"
strict_candidate,candidate_a_repo50_c440_c5gt5,adjusted_only,range_pos,high,1.0,1.0,0,,,,,"tercile thresholds learned from 2023-2025, applied to 2026 holdout"
strict_candidate,candidate_a_repo50_c440_c5gt5,dedup_prefer_adjusted,signal_day_ret_1d,low,0.013181883868562266,0.039124908882429976,4,0.4348815930007823,1.0,0.8740212264670382,1.0,"tercile thresholds learned from 2023-2025, applied to 2026 holdout"
strict_candidate,candidate_a_repo50_c440_c5gt5,dedup_prefer_adjusted,signal_day_ret_1d,mid,0.013181883868562266,0.039124908882429976,8,0.2706921008875243,0.8333333333333334,0.4267191606423355,1.0,"tercile thresholds learned from 2023-2025, applied to 2026 holdout"
strict_candidate,candidate_a_repo50_c440_c5gt5,dedup_prefer_adjusted,signal_day_ret_1d,high,0.013181883868562266,0.039124908882429976,14,0.16025619884986633,0.7142857142857143,0.21109947554158937,0.6666666666666666,"tercile thresholds learned from 2023-2025, applied to 2026 holdout"
strict_candidate,candidate_a_repo50_c440_c5gt5,dedup_prefer_adjusted,next_open_gap,low,-0.0029871651197363675,0.008591403432289597,7,0.321261921292368,1.0,-0.1579172729889291,0.0,"tercile thresholds learned from 2023-2025, applied to 2026 holdout"
strict_candidate,candidate_a_repo50_c440_c5gt5,dedup_prefer_adjusted,next_open_gap,mid,-0.0029871651197363675,0.008591403432289597,9,0.2128263092700012,0.7777777777777778,0.6650514346477201,1.0,"tercile thresholds learned from 2023-2025, applied to 2026 holdout"
strict_candidate,candidate_a_repo50_c440_c5gt5,dedup_prefer_adjusted,next_open_gap,high,-0.0029871651197363675,0.008591403432289597,10,0.1661719821301753,0.625,0.18252505235116967,0.75,"tercile thresholds learned from 2023-2025, applied to 2026 holdout"
strict_candidate,candidate_a_repo50_c440_c5gt5,dedup_prefer_adjusted,ret_20d,low,0.16327735481654698,0.2737002876011001,3,0.28354434365679876,1.0,,,"tercile thresholds learned from 2023-2025, applied to 2026 holdout"
strict_candidate,candidate_a_repo50_c440_c5gt5,dedup_prefer_adjusted,ret_20d,mid,0.16327735481654698,0.2737002876011001,15,0.2647607681405083,0.9230769230769231,0.3826913510695995,0.8,"tercile thresholds learned from 2023-2025, applied to 2026 holdout"
strict_candidate,candidate_a_repo50_c440_c5gt5,dedup_prefer_adjusted,ret_20d,high,0.16327735481654698,0.2737002876011001,8,0.12569445020408818,0.42857142857142855,0.2179601616703041,0.6666666666666666,"tercile thresholds learned from 2023-2025, applied to 2026 holdout"
strict_candidate,candidate_a_repo50_c440_c5gt5,dedup_prefer_adjusted,range_pos,low,1.0,1.0,26,0.2248862681837227,0.782608695652174,0.32091715504486373,0.75,"tercile thresholds learned from 2023-2025, applied to 2026 holdout"
strict_candidate,candidate_a_repo50_c440_c5gt5,dedup_prefer_adjusted,range_pos,mid,1.0,1.0,0,,,,,"tercile thresholds learned from 2023-2025, applied to 2026 holdout"
strict_candidate,candidate_a_repo50_c440_c5gt5,dedup_prefer_adjusted,range_pos,high,1.0,1.0,0,,,,,"tercile thresholds learned from 2023-2025, applied to 2026 holdout"
strict_candidate,candidate_b_magic_c440_c5gt5,raw_only,signal_day_ret_1d,low,0.013257608853939166,0.049184697017420495,5,0.30409868658575767,0.75,0.8740212264670382,1.0,"tercile thresholds learned from 2023-2025, applied to 2026 holdout"
strict_candidate,candidate_b_magic_c440_c5gt5,raw_only,signal_day_ret_1d,mid,0.013257608853939166,0.049184697017420495,11,0.2244555034493029,0.9,0.4267191606423355,1.0,"tercile thresholds learned from 2023-2025, applied to 2026 holdout"
strict_candidate,candidate_b_magic_c440_c5gt5,raw_only,signal_day_ret_1d,high,0.013257608853939166,0.049184697017420495,15,0.12409258097019803,0.6,0.10086005219978741,0.625,"tercile thresholds learned from 2023-2025, applied to 2026 holdout"
strict_candidate,candidate_b_magic_c440_c5gt5,raw_only,next_open_gap,low,-0.003417774170935233,0.008214197018897732,6,0.32483598074546743,1.0,-0.1579172729889291,0.0,"tercile thresholds learned from 2023-2025, applied to 2026 holdout"
strict_candidate,candidate_b_magic_c440_c5gt5,raw_only,next_open_gap,mid,-0.003417774170935233,0.008214197018897732,9,0.27425520673863163,0.8888888888888888,0.6536172496163645,1.0,"tercile thresholds learned from 2023-2025, applied to 2026 holdout"
strict_candidate,candidate_b_magic_c440_c5gt5,raw_only,next_open_gap,high,-0.003417774170935233,0.008214197018897732,16,0.08199078206760052,0.5333333333333333,0.050781054807918106,0.6666666666666666,"tercile thresholds learned from 2023-2025, applied to 2026 holdout"
strict_candidate,candidate_b_magic_c440_c5gt5,raw_only,ret_20d,low,0.14144988633697325,0.27357669060752626,4,0.3156717589079584,1.0,,,"tercile thresholds learned from 2023-2025, applied to 2026 holdout"
strict_candidate,candidate_b_magic_c440_c5gt5,raw_only,ret_20d,mid,0.14144988633697325,0.27357669060752626,17,0.15553464365897493,0.7333333333333333,0.37583084075951395,0.8,"tercile thresholds learned from 2023-2025, applied to 2026 holdout"
strict_candidate,candidate_b_magic_c440_c5gt5,raw_only,ret_20d,high,0.14144988633697325,0.27357669060752626,10,0.1726631804872572,0.6,0.04569332018202064,0.6,"tercile thresholds learned from 2023-2025, applied to 2026 holdout"
strict_candidate,candidate_b_magic_c440_c5gt5,raw_only,range_pos,low,1.0,1.0,31,0.18352891363410453,0.7241379310344828,0.21076208047076728,0.7,"tercile thresholds learned from 2023-2025, applied to 2026 holdout"
strict_candidate,candidate_b_magic_c440_c5gt5,raw_only,range_pos,mid,1.0,1.0,0,,,,,"tercile thresholds learned from 2023-2025, applied to 2026 holdout"
strict_candidate,candidate_b_magic_c440_c5gt5,raw_only,range_pos,high,1.0,1.0,0,,,,,"tercile thresholds learned from 2023-2025, applied to 2026 holdout"
strict_candidate,candidate_b_magic_c440_c5gt5,adjusted_only,signal_day_ret_1d,low,0.01857099733931313,0.05449559592622659,6,0.3471699725796386,0.8,0.8740212264670382,1.0,"tercile thresholds learned from 2023-2025, applied to 2026 holdout"
strict_candidate,candidate_b_magic_c440_c5gt5,adjusted_only,signal_day_ret_1d,mid,0.01857099733931313,0.05449559592622659,13,0.17843036225172393,0.8181818181818182,0.1344009438267032,0.5,"tercile thresholds learned from 2023-2025, applied to 2026 holdout"
strict_candidate,candidate_b_magic_c440_c5gt5,adjusted_only,signal_day_ret_1d,high,0.01857099733931313,0.05449559592622659,15,0.12153831471492829,0.5714285714285714,0.14272860652589933,0.7142857142857143,"tercile thresholds learned from 2023-2025, applied to 2026 holdout"
strict_candidate,candidate_b_magic_c440_c5gt5,adjusted_only,next_open_gap,low,-0.003169402434956734,0.007461795351046331,7,0.321261921292368,1.0,-0.1579172729889291,0.0,"tercile thresholds learned from 2023-2025, applied to 2026 holdout"
strict_candidate,candidate_b_magic_c440_c5gt5,adjusted_only,next_open_gap,mid,-0.003169402434956734,0.007461795351046331,10,0.2327490788091448,0.8,0.6650514346477201,1.0,"tercile thresholds learned from 2023-2025, applied to 2026 holdout"
strict_candidate,candidate_b_magic_c440_c5gt5,adjusted_only,next_open_gap,high,-0.003169402434956734,0.007461795351046331,17,0.08178985270217831,0.5,0.050781054807918106,0.6666666666666666,"tercile thresholds learned from 2023-2025, applied to 2026 holdout"
strict_candidate,candidate_b_magic_c440_c5gt5,adjusted_only,ret_20d,low,0.1455026450936918,0.2737002876011001,4,0.3156717589079584,1.0,,,"tercile thresholds learned from 2023-2025, applied to 2026 holdout"
strict_candidate,candidate_b_magic_c440_c5gt5,adjusted_only,ret_20d,mid,0.1455026450936918,0.2737002876011001,18,0.16621624209473307,0.75,0.3826913510695995,0.8,"tercile thresholds learned from 2023-2025, applied to 2026 holdout"
strict_candidate,candidate_b_magic_c440_c5gt5,adjusted_only,ret_20d,high,0.1455026450936918,0.2737002876011001,12,0.14779733445285895,0.5,0.04569332089074847,0.6,"tercile thresholds learned from 2023-2025, applied to 2026 holdout"
strict_candidate,candidate_b_magic_c440_c5gt5,adjusted_only,range_pos,low,1.0,1.0,34,0.18000400845587178,0.7,0.21419233598017398,0.7,"tercile thresholds learned from 2023-2025, applied to 2026 holdout"
strict_candidate,candidate_b_magic_c440_c5gt5,adjusted_only,range_pos,mid,1.0,1.0,0,,,,,"tercile thresholds learned from 2023-2025, applied to 2026 holdout"
strict_candidate,candidate_b_magic_c440_c5gt5,adjusted_only,range_pos,high,1.0,1.0,0,,,,,"tercile thresholds learned from 2023-2025, applied to 2026 holdout"
strict_candidate,candidate_b_magic_c440_c5gt5,dedup_prefer_adjusted,signal_day_ret_1d,low,0.013181883868562266,0.05143798986442098,5,0.30409868658575767,0.75,0.8740212264670382,1.0,"tercile thresholds learned from 2023-2025, applied to 2026 holdout"
strict_candidate,candidate_b_magic_c440_c5gt5,dedup_prefer_adjusted,signal_day_ret_1d,mid,0.013181883868562266,0.05143798986442098,12,0.24631428635116484,0.9,0.4267191606423355,1.0,"tercile thresholds learned from 2023-2025, applied to 2026 holdout"
strict_candidate,candidate_b_magic_c440_c5gt5,dedup_prefer_adjusted,signal_day_ret_1d,high,0.013181883868562266,0.05143798986442098,17,0.10753641523884208,0.5625,0.10514787158654579,0.625,"tercile thresholds learned from 2023-2025, applied to 2026 holdout"
strict_candidate,candidate_b_magic_c440_c5gt5,dedup_prefer_adjusted,next_open_gap,low,-0.003169402434956734,0.007461795351046331,7,0.321261921292368,1.0,-0.1579172729889291,0.0,"tercile thresholds learned from 2023-2025, applied to 2026 holdout"
strict_candidate,candidate_b_magic_c440_c5gt5,dedup_prefer_adjusted,next_open_gap,mid,-0.003169402434956734,0.007461795351046331,10,0.2327490788091448,0.8,0.6650514346477201,1.0,"tercile thresholds learned from 2023-2025, applied to 2026 holdout"
strict_candidate,candidate_b_magic_c440_c5gt5,dedup_prefer_adjusted,next_open_gap,high,-0.003169402434956734,0.007461795351046331,17,0.08178985270217831,0.5,0.050781054807918106,0.6666666666666666,"tercile thresholds learned from 2023-2025, applied to 2026 holdout"
strict_candidate,candidate_b_magic_c440_c5gt5,dedup_prefer_adjusted,ret_20d,low,0.14230874773648222,0.2702547603947923,4,0.3156717589079584,1.0,,,"tercile thresholds learned from 2023-2025, applied to 2026 holdout"
strict_candidate,candidate_b_magic_c440_c5gt5,dedup_prefer_adjusted,ret_20d,mid,0.14230874773648222,0.2702547603947923,18,0.16621624209473307,0.75,0.3826913510695995,0.8,"tercile thresholds learned from 2023-2025, applied to 2026 holdout"
strict_candidate,candidate_b_magic_c440_c5gt5,dedup_prefer_adjusted,ret_20d,high,0.14230874773648222,0.2702547603947923,12,0.14779733445285895,0.5,0.04569332089074847,0.6,"tercile thresholds learned from 2023-2025, applied to 2026 holdout"
strict_candidate,candidate_b_magic_c440_c5gt5,dedup_prefer_adjusted,range_pos,low,1.0,1.0,34,0.1800040084558718,0.7,0.21419233598017398,0.7,"tercile thresholds learned from 2023-2025, applied to 2026 holdout"
strict_candidate,candidate_b_magic_c440_c5gt5,dedup_prefer_adjusted,range_pos,mid,1.0,1.0,0,,,,,"tercile thresholds learned from 2023-2025, applied to 2026 holdout"
strict_candidate,candidate_b_magic_c440_c5gt5,dedup_prefer_adjusted,range_pos,high,1.0,1.0,0,,,,,"tercile thresholds learned from 2023-2025, applied to 2026 holdout"
strict_candidate,candidate_c_high_concentration_c425_c5gt5,raw_only,signal_day_ret_1d,low,0.0103092783505154,0.0240549828178693,2,0.2008843560194568,1.0,,,"tercile thresholds learned from 2023-2025, applied to 2026 holdout"
strict_candidate,candidate_c_high_concentration_c425_c5gt5,raw_only,signal_day_ret_1d,mid,0.0103092783505154,0.0240549828178693,3,0.4723331388411762,1.0,0.6503701935546868,1.0,"tercile thresholds learned from 2023-2025, applied to 2026 holdout"
strict_candidate,candidate_c_high_concentration_c425_c5gt5,raw_only,signal_day_ret_1d,high,0.0103092783505154,0.0240549828178693,12,0.1590313234065589,0.75,-0.03515405520572615,0.5,"tercile thresholds learned from 2023-2025, applied to 2026 holdout"
strict_candidate,candidate_c_high_concentration_c425_c5gt5,raw_only,next_open_gap,low,-0.0022388059701493,0.0059701492537314,4,0.32185149509831906,1.0,-0.1579172729889291,0.0,"tercile thresholds learned from 2023-2025, applied to 2026 holdout"
strict_candidate,candidate_c_high_concentration_c425_c5gt5,raw_only,next_open_gap,mid,-0.0022388059701493,0.0059701492537314,6,0.3196270932046223,1.0,0.4267191606423355,1.0,"tercile thresholds learned from 2023-2025, applied to 2026 holdout"
strict_candidate,candidate_c_high_concentration_c425_c5gt5,raw_only,next_open_gap,high,-0.0022388059701493,0.0059701492537314,7,0.0918489441284288,0.5714285714285714,0.4808151945222575,1.0,"tercile thresholds learned from 2023-2025, applied to 2026 holdout"
strict_candidate,candidate_c_high_concentration_c425_c5gt5,raw_only,ret_20d,low,0.1157495256166982,0.1428571428571428,2,0.3248743374754697,1.0,,,"tercile thresholds learned from 2023-2025, applied to 2026 holdout"
strict_candidate,candidate_c_high_concentration_c425_c5gt5,raw_only,ret_20d,mid,0.1157495256166982,0.1428571428571428,2,0.3064691803404471,1.0,,,"tercile thresholds learned from 2023-2025, applied to 2026 holdout"
strict_candidate,candidate_c_high_concentration_c425_c5gt5,raw_only,ret_20d,high,0.1157495256166982,0.1428571428571428,13,0.18863105148248827,0.75,0.30760806917448036,0.75,"tercile thresholds learned from 2023-2025, applied to 2026 holdout"
strict_candidate,candidate_c_high_concentration_c425_c5gt5,raw_only,range_pos,low,1.0,1.0,17,0.2203912283388558,0.8125,0.30760806917448036,0.75,"tercile thresholds learned from 2023-2025, applied to 2026 holdout"
strict_candidate,candidate_c_high_concentration_c425_c5gt5,raw_only,range_pos,mid,1.0,1.0,0,,,,,"tercile thresholds learned from 2023-2025, applied to 2026 holdout"
strict_candidate,candidate_c_high_concentration_c425_c5gt5,raw_only,range_pos,high,1.0,1.0,0,,,,,"tercile thresholds learned from 2023-2025, applied to 2026 holdout"
strict_candidate,candidate_c_high_concentration_c425_c5gt5,adjusted_only,signal_day_ret_1d,low,0.011237027218346001,0.029938146352162097,2,0.2008843560194568,1.0,,,"tercile thresholds learned from 2023-2025, applied to 2026 holdout"
strict_candidate,candidate_c_high_concentration_c425_c5gt5,adjusted_only,signal_day_ret_1d,mid,0.011237027218346001,0.029938146352162097,3,0.4723331388411762,1.0,0.6503701935546868,1.0,"tercile thresholds learned from 2023-2025, applied to 2026 holdout"
strict_candidate,candidate_c_high_concentration_c425_c5gt5,adjusted_only,signal_day_ret_1d,high,0.011237027218346001,0.029938146352162097,13,0.171908930609231,0.7692307692307693,-0.03515405520572615,0.5,"tercile thresholds learned from 2023-2025, applied to 2026 holdout"
strict_candidate,candidate_c_high_concentration_c425_c5gt5,adjusted_only,next_open_gap,low,-0.0018570119438736008,0.006464314682445432,5,0.31723652733045704,1.0,-0.1579172729889291,0.0,"tercile thresholds learned from 2023-2025, applied to 2026 holdout"
strict_candidate,candidate_c_high_concentration_c425_c5gt5,adjusted_only,next_open_gap,mid,-0.0018570119438736008,0.006464314682445432,6,0.3196270932745731,1.0,0.4267191606423355,1.0,"tercile thresholds learned from 2023-2025, applied to 2026 holdout"
strict_candidate,candidate_c_high_concentration_c425_c5gt5,adjusted_only,next_open_gap,high,-0.0018570119438736008,0.006464314682445432,7,0.0951416002133888,0.5714285714285714,0.4808151945222575,1.0,"tercile thresholds learned from 2023-2025, applied to 2026 holdout"
strict_candidate,candidate_c_high_concentration_c425_c5gt5,adjusted_only,ret_20d,low,0.126233811740494,0.15371284427562779,3,0.35393422653745893,1.0,,,"tercile thresholds learned from 2023-2025, applied to 2026 holdout"
strict_candidate,candidate_c_high_concentration_c425_c5gt5,adjusted_only,ret_20d,mid,0.126233811740494,0.15371284427562779,1,0.2008843560194568,1.0,,,"tercile thresholds learned from 2023-2025, applied to 2026 holdout"
strict_candidate,candidate_c_high_concentration_c425_c5gt5,adjusted_only,ret_20d,high,0.126233811740494,0.15371284427562779,14,0.19923175652547348,0.7692307692307693,0.30760806917448036,0.75,"tercile thresholds learned from 2023-2025, applied to 2026 holdout"
strict_candidate,candidate_c_high_concentration_c425_c5gt5,adjusted_only,range_pos,low,1.0,1.0,18,0.2266294041448817,0.8235294117647058,0.30760806917448036,0.75,"tercile thresholds learned from 2023-2025, applied to 2026 holdout"
strict_candidate,candidate_c_high_concentration_c425_c5gt5,adjusted_only,range_pos,mid,1.0,1.0,0,,,,,"tercile thresholds learned from 2023-2025, applied to 2026 holdout"
strict_candidate,candidate_c_high_concentration_c425_c5gt5,adjusted_only,range_pos,high,1.0,1.0,0,,,,,"tercile thresholds learned from 2023-2025, applied to 2026 holdout"
strict_candidate,candidate_c_high_concentration_c425_c5gt5,dedup_prefer_adjusted,signal_day_ret_1d,low,0.009894000210868899,0.02584057925557056,2,0.2008843560194568,1.0,,,"tercile thresholds learned from 2023-2025, applied to 2026 holdout"
strict_candidate,candidate_c_high_concentration_c425_c5gt5,dedup_prefer_adjusted,signal_day_ret_1d,mid,0.009894000210868899,0.02584057925557056,3,0.4723331388411762,1.0,0.6503701935546868,1.0,"tercile thresholds learned from 2023-2025, applied to 2026 holdout"
strict_candidate,candidate_c_high_concentration_c425_c5gt5,dedup_prefer_adjusted,signal_day_ret_1d,high,0.009894000210868899,0.02584057925557056,13,0.17190893060923101,0.7692307692307693,-0.03515405520572615,0.5,"tercile thresholds learned from 2023-2025, applied to 2026 holdout"
strict_candidate,candidate_c_high_concentration_c425_c5gt5,dedup_prefer_adjusted,next_open_gap,low,-0.002421043285369667,0.006217224443606266,5,0.317236527330457,1.0,-0.1579172729889291,0.0,"tercile thresholds learned from 2023-2025, applied to 2026 holdout"
strict_candidate,candidate_c_high_concentration_c425_c5gt5,dedup_prefer_adjusted,next_open_gap,mid,-0.002421043285369667,0.006217224443606266,6,0.3196270932745731,1.0,0.4267191606423355,1.0,"tercile thresholds learned from 2023-2025, applied to 2026 holdout"
strict_candidate,candidate_c_high_concentration_c425_c5gt5,dedup_prefer_adjusted,next_open_gap,high,-0.002421043285369667,0.006217224443606266,7,0.0951416002133888,0.5714285714285714,0.4808151945222575,1.0,"tercile thresholds learned from 2023-2025, applied to 2026 holdout"
strict_candidate,candidate_c_high_concentration_c425_c5gt5,dedup_prefer_adjusted,ret_20d,low,0.1168749962087732,0.15225324607002477,2,0.3248743374754697,1.0,,,"tercile thresholds learned from 2023-2025, applied to 2026 holdout"
strict_candidate,candidate_c_high_concentration_c425_c5gt5,dedup_prefer_adjusted,ret_20d,mid,0.1168749962087732,0.15225324607002477,2,0.3064691803404471,1.0,,,"tercile thresholds learned from 2023-2025, applied to 2026 holdout"
strict_candidate,candidate_c_high_concentration_c425_c5gt5,dedup_prefer_adjusted,ret_20d,high,0.1168749962087732,0.15225324607002477,14,0.19923175652547348,0.7692307692307693,0.30760806917448036,0.75,"tercile thresholds learned from 2023-2025, applied to 2026 holdout"
strict_candidate,candidate_c_high_concentration_c425_c5gt5,dedup_prefer_adjusted,range_pos,low,1.0,1.0,18,0.22662940414488167,0.8235294117647058,0.30760806917448036,0.75,"tercile thresholds learned from 2023-2025, applied to 2026 holdout"
strict_candidate,candidate_c_high_concentration_c425_c5gt5,dedup_prefer_adjusted,range_pos,mid,1.0,1.0,0,,,,,"tercile thresholds learned from 2023-2025, applied to 2026 holdout"
strict_candidate,candidate_c_high_concentration_c425_c5gt5,dedup_prefer_adjusted,range_pos,high,1.0,1.0,0,,,,,"tercile thresholds learned from 2023-2025, applied to 2026 holdout"
regime_family,c1_c2,raw_only,signal_day_ret_1d,low,0.0153452685421995,0.0453038674033148,17,0.12991820048208022,0.5833333333333334,0.19510350835294213,0.6,"tercile thresholds learned from 2023-2025, applied to 2026 holdout"
regime_family,c1_c2,raw_only,signal_day_ret_1d,mid,0.0153452685421995,0.0453038674033148,28,0.10824501075364025,0.625,0.002369496873911095,0.375,"tercile thresholds learned from 2023-2025, applied to 2026 holdout"
regime_family,c1_c2,raw_only,signal_day_ret_1d,high,0.0153452685421995,0.0453038674033148,53,0.024393133426220084,0.5,0.05586122445332995,0.5217391304347826,"tercile thresholds learned from 2023-2025, applied to 2026 holdout"
regime_family,c1_c2,raw_only,next_open_gap,low,0.0,0.0087719298245614,38,0.06733050936729434,0.6071428571428571,0.10177016229717288,0.5333333333333333,"tercile thresholds learned from 2023-2025, applied to 2026 holdout"
regime_family,c1_c2,raw_only,next_open_gap,mid,0.0,0.0087719298245614,11,0.17588831961702583,0.7,0.5600921357957889,1.0,"tercile thresholds learned from 2023-2025, applied to 2026 holdout"
regime_family,c1_c2,raw_only,next_open_gap,high,0.0,0.0087719298245614,49,0.037763311337416956,0.47619047619047616,-0.01933973825613591,0.42105263157894735,"tercile thresholds learned from 2023-2025, applied to 2026 holdout"
regime_family,c1_c2,raw_only,ret_20d,low,0.0926485397784491,0.2151898734177215,10,-0.005666969697031803,0.42857142857142855,-0.3977355920146311,0.0,"tercile thresholds learned from 2023-2025, applied to 2026 holdout"
regime_family,c1_c2,raw_only,ret_20d,mid,0.0926485397784491,0.2151898734177215,26,0.0791990976749827,0.6363636363636364,0.17597638689184245,0.5714285714285714,"tercile thresholds learned from 2023-2025, applied to 2026 holdout"
regime_family,c1_c2,raw_only,ret_20d,high,0.0926485397784491,0.2151898734177215,62,0.06916637595403168,0.5294117647058824,0.10553557355992858,0.56,"tercile thresholds learned from 2023-2025, applied to 2026 holdout"
regime_family,c1_c2,raw_only,range_pos,low,1.0,1.0,98,0.06537745668282514,0.55,0.06331337997729405,0.5,"tercile thresholds learned from 2023-2025, applied to 2026 holdout"
regime_family,c1_c2,raw_only,range_pos,mid,1.0,1.0,0,,,,,"tercile thresholds learned from 2023-2025, applied to 2026 holdout"
regime_family,c1_c2,raw_only,range_pos,high,1.0,1.0,0,,,,,"tercile thresholds learned from 2023-2025, applied to 2026 holdout"
regime_family,c1_c2_c3_xq,raw_only,signal_day_ret_1d,low,0.0215419501133786,0.0610328638497652,15,0.23226886524800627,0.7,0.6490412232308712,1.0,"tercile thresholds learned from 2023-2025, applied to 2026 holdout"
regime_family,c1_c2_c3_xq,raw_only,signal_day_ret_1d,mid,0.0215419501133786,0.0610328638497652,19,0.1810518033073126,0.8,0.13440094382670317,0.5,"tercile thresholds learned from 2023-2025, applied to 2026 holdout"
regime_family,c1_c2_c3_xq,raw_only,signal_day_ret_1d,high,0.0215419501133786,0.0610328638497652,41,-0.0013269133519397333,0.4166666666666667,0.03327481609063554,0.5238095238095238,"tercile thresholds learned from 2023-2025, applied to 2026 holdout"
regime_family,c1_c2_c3_xq,raw_only,next_open_gap,low,0.0,0.0144092219020173,31,0.08344139377355239,0.6086956521739131,0.1940750043464458,0.6363636363636364,"tercile thresholds learned from 2023-2025, applied to 2026 holdout"
regime_family,c1_c2_c3_xq,raw_only,next_open_gap,mid,0.0,0.0144092219020173,13,0.22026588909466385,0.75,0.39853994902632633,1.0,"tercile thresholds learned from 2023-2025, applied to 2026 holdout"
regime_family,c1_c2_c3_xq,raw_only,next_open_gap,high,0.0,0.0144092219020173,31,0.016475157518932686,0.4230769230769231,0.017945617199258076,0.46153846153846156,"tercile thresholds learned from 2023-2025, applied to 2026 holdout"
regime_family,c1_c2_c3_xq,raw_only,ret_20d,low,0.2058823529411764,0.3074935400516796,15,0.1649918862251046,0.75,0.4626742897410109,1.0,"tercile thresholds learned from 2023-2025, applied to 2026 holdout"
regime_family,c1_c2_c3_xq,raw_only,ret_20d,mid,0.2058823529411764,0.3074935400516796,18,0.10805150315085633,0.625,0.23064248146736205,0.75,"tercile thresholds learned from 2023-2025, applied to 2026 holdout"
regime_family,c1_c2_c3_xq,raw_only,ret_20d,high,0.2058823529411764,0.3074935400516796,42,0.03884757988802923,0.45454545454545453,0.04666173454466582,0.47058823529411764,"tercile thresholds learned from 2023-2025, applied to 2026 holdout"
regime_family,c1_c2_c3_xq,raw_only,range_pos,low,1.0,1.0,75,0.08181470199049048,0.5573770491803278,0.13199029327704578,0.5925925925925926,"tercile thresholds learned from 2023-2025, applied to 2026 holdout"
regime_family,c1_c2_c3_xq,raw_only,range_pos,mid,1.0,1.0,0,,,,,"tercile thresholds learned from 2023-2025, applied to 2026 holdout"
regime_family,c1_c2_c3_xq,raw_only,range_pos,high,1.0,1.0,0,,,,,"tercile thresholds learned from 2023-2025, applied to 2026 holdout"
regime_family,magic26_v0,raw_only,signal_day_ret_1d,low,0.0162601626016258,0.0436363636363636,6,0.3471699725796386,0.8,0.8740212264670382,1.0,"tercile thresholds learned from 2023-2025, applied to 2026 holdout"
regime_family,magic26_v0,raw_only,signal_day_ret_1d,mid,0.0162601626016258,0.0436363636363636,9,0.18985429457224234,0.875,0.4267191606423355,1.0,"tercile thresholds learned from 2023-2025, applied to 2026 holdout"
regime_family,magic26_v0,raw_only,signal_day_ret_1d,high,0.0162601626016258,0.0436363636363636,16,0.12922839224455615,0.625,0.10086005219978744,0.625,"tercile thresholds learned from 2023-2025, applied to 2026 holdout"
regime_family,magic26_v0,raw_only,next_open_gap,low,-0.0003401360544217,0.0089686098654708,7,0.29516245784846834,1.0,0.24540232705535966,0.5,"tercile thresholds learned from 2023-2025, applied to 2026 holdout"
regime_family,magic26_v0,raw_only,next_open_gap,mid,-0.0003401360544217,0.0089686098654708,8,0.29018775216052656,0.875,0.6560649108747225,1.0,"tercile thresholds learned from 2023-2025, applied to 2026 holdout"
regime_family,magic26_v0,raw_only,next_open_gap,high,-0.0003401360544217,0.0089686098654708,16,0.08199078206760053,0.5333333333333333,0.05078105480791811,0.6666666666666666,"tercile thresholds learned from 2023-2025, applied to 2026 holdout"
regime_family,magic26_v0,raw_only,ret_20d,low,0.1420345489443377,0.2638580931263858,4,0.31567175890795846,1.0,,,"tercile thresholds learned from 2023-2025, applied to 2026 holdout"
regime_family,magic26_v0,raw_only,ret_20d,mid,0.1420345489443377,0.2638580931263858,17,0.15553464365897493,0.7333333333333333,0.37583084075951395,0.8,"tercile thresholds learned from 2023-2025, applied to 2026 holdout"
regime_family,magic26_v0,raw_only,ret_20d,high,0.1420345489443377,0.2638580931263858,10,0.17266318048725723,0.6,0.045693320182020644,0.6,"tercile thresholds learned from 2023-2025, applied to 2026 holdout"
regime_family,magic26_v0,raw_only,range_pos,low,1.0,1.0,31,0.18352891363410453,0.7241379310344828,0.21076208047076728,0.7,"tercile thresholds learned from 2023-2025, applied to 2026 holdout"
regime_family,magic26_v0,raw_only,range_pos,mid,1.0,1.0,0,,,,,"tercile thresholds learned from 2023-2025, applied to 2026 holdout"
regime_family,magic26_v0,raw_only,range_pos,high,1.0,1.0,0,,,,,"tercile thresholds learned from 2023-2025, applied to 2026 holdout"
regime_family,magic26_v0_quality,raw_only,signal_day_ret_1d,low,0.0175953079178885,0.042483660130719,6,0.3471699725796386,0.8,0.8740212264670382,1.0,"tercile thresholds learned from 2023-2025, applied to 2026 holdout"
regime_family,magic26_v0_quality,raw_only,signal_day_ret_1d,mid,0.0175953079178885,0.042483660130719,7,0.1694005363578568,0.8333333333333334,0.4267191606423355,1.0,"tercile thresholds learned from 2023-2025, applied to 2026 holdout"
regime_family,magic26_v0_quality,raw_only,signal_day_ret_1d,high,0.0175953079178885,0.042483660130719,16,0.13088109847219698,0.625,0.10086005219978744,0.625,"tercile thresholds learned from 2023-2025, applied to 2026 holdout"
regime_family,magic26_v0_quality,raw_only,next_open_gap,low,0.0,0.0111464968152865,9,0.22011110307429388,0.875,0.45873843840594297,0.6666666666666666,"tercile thresholds learned from 2023-2025, applied to 2026 holdout"
regime_family,magic26_v0_quality,raw_only,next_open_gap,mid,0.0,0.0111464968152865,4,0.4639000252480316,1.0,0.4267191606423355,1.0,"tercile thresholds learned from 2023-2025, applied to 2026 holdout"
regime_family,magic26_v0_quality,raw_only,next_open_gap,high,0.0,0.0111464968152865,16,0.08199078206760053,0.5333333333333333,0.05078105480791811,0.6666666666666666,"tercile thresholds learned from 2023-2025, applied to 2026 holdout"
regime_family,magic26_v0_quality,raw_only,ret_20d,low,0.1428571428571428,0.2603686635944702,3,0.28354434365679876,1.0,,,"tercile thresholds learned from 2023-2025, applied to 2026 holdout"
regime_family,magic26_v0_quality,raw_only,ret_20d,mid,0.1428571428571428,0.2603686635944702,15,0.1665067492037009,0.6923076923076923,0.37583084075951395,0.8,"tercile thresholds learned from 2023-2025, applied to 2026 holdout"
regime_family,magic26_v0_quality,raw_only,ret_20d,high,0.1428571428571428,0.2603686635944702,11,0.16646635327108886,0.6363636363636364,0.045693320182020644,0.6,"tercile thresholds learned from 2023-2025, applied to 2026 holdout"
regime_family,magic26_v0_quality,raw_only,range_pos,low,1.0,1.0,29,0.17949446876298097,0.7037037037037037,0.21076208047076728,0.7,"tercile thresholds learned from 2023-2025, applied to 2026 holdout"
regime_family,magic26_v0_quality,raw_only,range_pos,mid,1.0,1.0,0,,,,,"tercile thresholds learned from 2023-2025, applied to 2026 holdout"
regime_family,magic26_v0_quality,raw_only,range_pos,high,1.0,1.0,0,,,,,"tercile thresholds learned from 2023-2025, applied to 2026 holdout"
regime_family,c1_c2,adjusted_only,signal_day_ret_1d,low,0.012605038497752,0.0433962264150944,18,0.08924851845758386,0.5833333333333334,-0.018572576525339612,0.4,"tercile thresholds learned from 2023-2025, applied to 2026 holdout"
regime_family,c1_c2,adjusted_only,signal_day_ret_1d,mid,0.012605038497752,0.0433962264150944,34,0.09737588252780448,0.5555555555555556,0.046410047466653066,0.38461538461538464,"tercile thresholds learned from 2023-2025, applied to 2026 holdout"
regime_family,c1_c2,adjusted_only,signal_day_ret_1d,high,0.012605038497752,0.0433962264150944,58,0.03583174470784225,0.5,0.06470344760559016,0.5217391304347826,"tercile thresholds learned from 2023-2025, applied to 2026 holdout"
regime_family,c1_c2,adjusted_only,next_open_gap,low,0.0,0.0075757762008472,45,0.06840160883871463,0.59375,0.10843836797996353,0.5294117647058824,"tercile thresholds learned from 2023-2025, applied to 2026 holdout"
regime_family,c1_c2,adjusted_only,next_open_gap,mid,0.0,0.0075757762008472,11,0.15666612686697962,0.6363636363636364,0.28788881766614155,0.6666666666666666,"tercile thresholds learned from 2023-2025, applied to 2026 holdout"
regime_family,c1_c2,adjusted_only,next_open_gap,high,0.0,0.0075757762008472,54,0.0342699072123298,0.45454545454545453,-0.033736746632830425,0.38095238095238093,"tercile thresholds learned from 2023-2025, applied to 2026 holdout"
regime_family,c1_c2,adjusted_only,ret_20d,low,0.0791855257465778,0.2038373798848829,11,0.05216584564343666,0.5714285714285714,-0.19537618135282228,0.2,"tercile thresholds learned from 2023-2025, applied to 2026 holdout"
regime_family,c1_c2,adjusted_only,ret_20d,mid,0.0791855257465778,0.2038373798848829,31,0.061422888239771,0.5384615384615384,-0.007535502181136345,0.36363636363636365,"tercile thresholds learned from 2023-2025, applied to 2026 holdout"
regime_family,c1_c2,adjusted_only,ret_20d,high,0.0791855257465778,0.2038373798848829,68,0.06403516262926023,0.5185185185185185,0.12233673840499903,0.56,"tercile thresholds learned from 2023-2025, applied to 2026 holdout"
regime_family,c1_c2,adjusted_only,range_pos,low,1.0,1.0,110,0.062299480410553484,0.5287356321839081,0.048747488521179584,0.4634146341463415,"tercile thresholds learned from 2023-2025, applied to 2026 holdout"
regime_family,c1_c2,adjusted_only,range_pos,mid,1.0,1.0,0,,,,,"tercile thresholds learned from 2023-2025, applied to 2026 holdout"
regime_family,c1_c2,adjusted_only,range_pos,high,1.0,1.0,0,,,,,"tercile thresholds learned from 2023-2025, applied to 2026 holdout"
regime_family,c1_c2_c3_xq,adjusted_only,signal_day_ret_1d,low,0.0215419605071387,0.0652173913043476,15,0.23353043914540242,0.7,0.6490412232308712,1.0,"tercile thresholds learned from 2023-2025, applied to 2026 holdout"
regime_family,c1_c2_c3_xq,adjusted_only,signal_day_ret_1d,mid,0.0215419605071387,0.0652173913043476,24,0.14203903661437328,0.7368421052631579,0.0965519867877465,0.5,"tercile thresholds learned from 2023-2025, applied to 2026 holdout"
regime_family,c1_c2_c3_xq,adjusted_only,signal_day_ret_1d,high,0.0215419605071387,0.0652173913043476,41,-0.005202043797755433,0.38235294117647056,0.05270495787013302,0.5263157894736842,"tercile thresholds learned from 2023-2025, applied to 2026 holdout"
regime_family,c1_c2_c3_xq,adjusted_only,next_open_gap,low,0.0,0.0144092219020173,36,0.07097986653363676,0.5769230769230769,0.17485329680149161,0.5833333333333334,"tercile thresholds learned from 2023-2025, applied to 2026 holdout"
regime_family,c1_c2_c3_xq,adjusted_only,next_open_gap,mid,0.0,0.0144092219020173,13,0.2232379165615144,0.75,0.39853994902632633,1.0,"tercile thresholds learned from 2023-2025, applied to 2026 holdout"
regime_family,c1_c2_c3_xq,adjusted_only,next_open_gap,high,0.0,0.0144092219020173,31,0.013313802775628159,0.4,0.05749230257584335,0.5,"tercile thresholds learned from 2023-2025, applied to 2026 holdout"
regime_family,c1_c2_c3_xq,adjusted_only,ret_20d,low,0.2105263142833735,0.3177714966420513,16,0.15721819009342647,0.7692307692307693,0.4626742897410109,1.0,"tercile thresholds learned from 2023-2025, applied to 2026 holdout"
regime_family,c1_c2_c3_xq,adjusted_only,ret_20d,mid,0.2105263142833735,0.3177714966420513,22,0.1527881598617084,0.6470588235294118,0.23493030041116553,0.75,"tercile thresholds learned from 2023-2025, applied to 2026 holdout"
regime_family,c1_c2_c3_xq,adjusted_only,ret_20d,high,0.2105263142833735,0.3177714966420513,42,0.0065436790648437946,0.3939393939393939,0.06935153275503837,0.47058823529411764,"tercile thresholds learned from 2023-2025, applied to 2026 holdout"
regime_family,c1_c2_c3_xq,adjusted_only,range_pos,low,1.0,1.0,80,0.0770980412381497,0.5396825396825397,0.14754692739285172,0.5925925925925926,"tercile thresholds learned from 2023-2025, applied to 2026 holdout"
regime_family,c1_c2_c3_xq,adjusted_only,range_pos,mid,1.0,1.0,0,,,,,"tercile thresholds learned from 2023-2025, applied to 2026 holdout"
regime_family,c1_c2_c3_xq,adjusted_only,range_pos,high,1.0,1.0,0,,,,,"tercile thresholds learned from 2023-2025, applied to 2026 holdout"
regime_family,magic26_v0,adjusted_only,signal_day_ret_1d,low,0.0162601576089251,0.0436363640253318,6,0.3471699725796386,0.8,0.8740212264670382,1.0,"tercile thresholds learned from 2023-2025, applied to 2026 holdout"
regime_family,magic26_v0,adjusted_only,signal_day_ret_1d,mid,0.0162601576089251,0.0436363640253318,10,0.2171777731995698,0.875,0.4267191606423355,1.0,"tercile thresholds learned from 2023-2025, applied to 2026 holdout"
regime_family,magic26_v0,adjusted_only,signal_day_ret_1d,high,0.0162601576089251,0.0436363640253318,18,0.1133440120694942,0.5882352941176471,0.10514787158654579,0.625,"tercile thresholds learned from 2023-2025, applied to 2026 holdout"
regime_family,magic26_v0,adjusted_only,next_open_gap,low,0.0,0.0078369905659272,12,0.21232076188422022,0.8181818181818182,0.47017262343729854,0.6666666666666666,"tercile thresholds learned from 2023-2025, applied to 2026 holdout"
regime_family,magic26_v0,adjusted_only,next_open_gap,mid,0.0,0.0078369905659272,5,0.3839067870238468,1.0,0.4267191606423355,1.0,"tercile thresholds learned from 2023-2025, applied to 2026 holdout"
regime_family,magic26_v0,adjusted_only,next_open_gap,high,0.0,0.0078369905659272,17,0.08178985270217831,0.5,0.05078105480791811,0.6666666666666666,"tercile thresholds learned from 2023-2025, applied to 2026 holdout"
regime_family,magic26_v0,adjusted_only,ret_20d,low,0.1402805611222444,0.260368670738238,4,0.31567175890795846,1.0,,,"tercile thresholds learned from 2023-2025, applied to 2026 holdout"
regime_family,magic26_v0,adjusted_only,ret_20d,mid,0.1402805611222444,0.260368670738238,17,0.17033078616042166,0.7333333333333333,0.3826913510695995,0.8,"tercile thresholds learned from 2023-2025, applied to 2026 holdout"
regime_family,magic26_v0,adjusted_only,ret_20d,high,0.1402805611222444,0.260368670738238,13,0.14386103869436315,0.5454545454545454,0.04569332089074848,0.6,"tercile thresholds learned from 2023-2025, applied to 2026 holdout"
regime_family,magic26_v0,adjusted_only,range_pos,low,1.0,1.0,34,0.18000400845587178,0.7,0.21419233598017393,0.7,"tercile thresholds learned from 2023-2025, applied to 2026 holdout"
regime_family,magic26_v0,adjusted_only,range_pos,mid,1.0,1.0,0,,,,,"tercile thresholds learned from 2023-2025, applied to 2026 holdout"
regime_family,magic26_v0,adjusted_only,range_pos,high,1.0,1.0,0,,,,,"tercile thresholds learned from 2023-2025, applied to 2026 holdout"
regime_family,magic26_v0_quality,adjusted_only,signal_day_ret_1d,low,0.0162963074699364,0.0424836596199413,6,0.3471699725796386,0.8,0.8740212264670382,1.0,"tercile thresholds learned from 2023-2025, applied to 2026 holdout"
regime_family,magic26_v0_quality,adjusted_only,signal_day_ret_1d,mid,0.0162963074699364,0.0424836596199413,8,0.2058318411942934,0.8333333333333334,0.4267191606423355,1.0,"tercile thresholds learned from 2023-2025, applied to 2026 holdout"
regime_family,magic26_v0_quality,adjusted_only,signal_day_ret_1d,high,0.0162963074699364,0.0424836596199413,17,0.11489950028374436,0.5882352941176471,0.10514787158654579,0.625,"tercile thresholds learned from 2023-2025, applied to 2026 holdout"
regime_family,magic26_v0_quality,adjusted_only,next_open_gap,low,0.0,0.0089686098654708,11,0.19234743760649847,0.8,0.47017262343729854,0.6666666666666666,"tercile thresholds learned from 2023-2025, applied to 2026 holdout"
regime_family,magic26_v0_quality,adjusted_only,next_open_gap,mid,0.0,0.0089686098654708,4,0.4639000252480316,1.0,0.4267191606423355,1.0,"tercile thresholds learned from 2023-2025, applied to 2026 holdout"
regime_family,magic26_v0_quality,adjusted_only,next_open_gap,high,0.0,0.0089686098654708,16,0.08178985270217831,0.5,0.05078105480791811,0.6666666666666666,"tercile thresholds learned from 2023-2025, applied to 2026 holdout"
regime_family,magic26_v0_quality,adjusted_only,ret_20d,low,0.1420345497505599,0.2540000055532136,3,0.28354434365679876,1.0,,,"tercile thresholds learned from 2023-2025, applied to 2026 holdout"
regime_family,magic26_v0_quality,adjusted_only,ret_20d,mid,0.1420345497505599,0.2540000055532136,15,0.20560568043517924,0.7692307692307693,0.3826913510695995,0.8,"tercile thresholds learned from 2023-2025, applied to 2026 holdout"
regime_family,magic26_v0_quality,adjusted_only,ret_20d,high,0.1420345497505599,0.2540000055532136,13,0.11671879485499016,0.5,0.04569332089074848,0.6,"tercile thresholds learned from 2023-2025, applied to 2026 holdout"
regime_family,magic26_v0_quality,adjusted_only,range_pos,low,1.0,1.0,31,0.17586187196027173,0.6785714285714286,0.21419233598017393,0.7,"tercile thresholds learned from 2023-2025, applied to 2026 holdout"
regime_family,magic26_v0_quality,adjusted_only,range_pos,mid,1.0,1.0,0,,,,,"tercile thresholds learned from 2023-2025, applied to 2026 holdout"
regime_family,magic26_v0_quality,adjusted_only,range_pos,high,1.0,1.0,0,,,,,"tercile thresholds learned from 2023-2025, applied to 2026 holdout"
regime_family,c1_c2,dedup_prefer_adjusted,signal_day_ret_1d,low,0.0127931770978355,0.0403877137737014,18,0.08924851845758386,0.5833333333333334,-0.01857257652533962,0.4,"tercile thresholds learned from 2023-2025, applied to 2026 holdout"
regime_family,c1_c2,dedup_prefer_adjusted,signal_day_ret_1d,mid,0.0127931770978355,0.0403877137737014,32,0.09739685742911341,0.52,0.04641004746665308,0.38461538461538464,"tercile thresholds learned from 2023-2025, applied to 2026 holdout"
regime_family,c1_c2,dedup_prefer_adjusted,signal_day_ret_1d,high,0.0127931770978355,0.0403877137737014,61,0.03828302276998623,0.52,0.06470344760559014,0.5217391304347826,"tercile thresholds learned from 2023-2025, applied to 2026 holdout"
regime_family,c1_c2,dedup_prefer_adjusted,next_open_gap,low,0.0,0.0068571431413111,45,0.06840160883871463,0.59375,0.10843836797996355,0.5294117647058824,"tercile thresholds learned from 2023-2025, applied to 2026 holdout"
regime_family,c1_c2,dedup_prefer_adjusted,next_open_gap,mid,0.0,0.0068571431413111,9,0.14896447142623492,0.6666666666666666,0.28788881766614155,0.6666666666666666,"tercile thresholds learned from 2023-2025, applied to 2026 holdout"
regime_family,c1_c2,dedup_prefer_adjusted,next_open_gap,high,0.0,0.0068571431413111,57,0.04109832760963419,0.45652173913043476,-0.033736746632830425,0.38095238095238093,"tercile thresholds learned from 2023-2025, applied to 2026 holdout"
regime_family,c1_c2,dedup_prefer_adjusted,ret_20d,low,0.0782241018602518,0.1999999808500949,11,0.05216584564343666,0.5714285714285714,-0.19537618135282225,0.2,"tercile thresholds learned from 2023-2025, applied to 2026 holdout"
regime_family,c1_c2,dedup_prefer_adjusted,ret_20d,mid,0.0782241018602518,0.1999999808500949,28,0.07750216989886623,0.5416666666666666,-0.007535502181136341,0.36363636363636365,"tercile thresholds learned from 2023-2025, applied to 2026 holdout"
regime_family,c1_c2,dedup_prefer_adjusted,ret_20d,high,0.0782241018602518,0.1999999808500949,72,0.05705074640430906,0.5178571428571429,0.12233673840499901,0.56,"tercile thresholds learned from 2023-2025, applied to 2026 holdout"
regime_family,c1_c2,dedup_prefer_adjusted,range_pos,low,0.9949606102200872,1.0,31,0.06092256306283005,0.5555555555555556,0.038734782065707525,0.46153846153846156,"tercile thresholds learned from 2023-2025, applied to 2026 holdout"
regime_family,c1_c2,dedup_prefer_adjusted,range_pos,mid,0.9949606102200872,1.0,80,0.06291909321702906,0.5166666666666667,0.05339624508979168,0.4642857142857143,"tercile thresholds learned from 2023-2025, applied to 2026 holdout"
regime_family,c1_c2,dedup_prefer_adjusted,range_pos,high,0.9949606102200872,1.0,0,,,,,"tercile thresholds learned from 2023-2025, applied to 2026 holdout"
regime_family,c1_c2_c3_xq,dedup_prefer_adjusted,signal_day_ret_1d,low,0.0208333274013905,0.0630202256549421,15,0.23353043914540242,0.7,0.6490412232308712,1.0,"tercile thresholds learned from 2023-2025, applied to 2026 holdout"
regime_family,c1_c2_c3_xq,dedup_prefer_adjusted,signal_day_ret_1d,mid,0.0208333274013905,0.0630202256549421,23,0.1639406033565265,0.7647058823529411,0.06438985236043342,0.3333333333333333,"tercile thresholds learned from 2023-2025, applied to 2026 holdout"
regime_family,c1_c2_c3_xq,dedup_prefer_adjusted,signal_day_ret_1d,high,0.0208333274013905,0.0630202256549421,43,-0.007364390291987316,0.3888888888888889,0.05972162948011065,0.55,"tercile thresholds learned from 2023-2025, applied to 2026 holdout"
regime_family,c1_c2_c3_xq,dedup_prefer_adjusted,next_open_gap,low,0.0,0.0142180115688608,36,0.07097986653363678,0.5769230769230769,0.17485329680149161,0.5833333333333334,"tercile thresholds learned from 2023-2025, applied to 2026 holdout"
regime_family,c1_c2_c3_xq,dedup_prefer_adjusted,next_open_gap,mid,0.0,0.0142180115688608,13,0.2232379165615144,0.75,0.39853994902632633,1.0,"tercile thresholds learned from 2023-2025, applied to 2026 holdout"
regime_family,c1_c2_c3_xq,dedup_prefer_adjusted,next_open_gap,high,0.0,0.0142180115688608,32,0.013313802775628159,0.4,0.05749230257584335,0.5,"tercile thresholds learned from 2023-2025, applied to 2026 holdout"
regime_family,c1_c2_c3_xq,dedup_prefer_adjusted,ret_20d,low,0.2058823568359926,0.3136729222520109,15,0.16499188642395304,0.75,0.4626742897410109,1.0,"tercile thresholds learned from 2023-2025, applied to 2026 holdout"
regime_family,c1_c2_c3_xq,dedup_prefer_adjusted,ret_20d,mid,0.2058823568359926,0.3136729222520109,23,0.14785180843200832,0.6666666666666666,0.23493030041116553,0.75,"tercile thresholds learned from 2023-2025, applied to 2026 holdout"
regime_family,c1_c2_c3_xq,dedup_prefer_adjusted,ret_20d,high,0.2058823568359926,0.3136729222520109,43,0.006543679064843796,0.3939393939393939,0.06935153275503836,0.47058823529411764,"tercile thresholds learned from 2023-2025, applied to 2026 holdout"
regime_family,c1_c2_c3_xq,dedup_prefer_adjusted,range_pos,low,1.0,1.0,81,0.0770980412381497,0.5396825396825397,0.14754692739285177,0.5925925925925926,"tercile thresholds learned from 2023-2025, applied to 2026 holdout"
regime_family,c1_c2_c3_xq,dedup_prefer_adjusted,range_pos,mid,1.0,1.0,0,,,,,"tercile thresholds learned from 2023-2025, applied to 2026 holdout"
regime_family,c1_c2_c3_xq,dedup_prefer_adjusted,range_pos,high,1.0,1.0,0,,,,,"tercile thresholds learned from 2023-2025, applied to 2026 holdout"
regime_family,magic26_v0,dedup_prefer_adjusted,signal_day_ret_1d,low,0.014774589149543133,0.04325212922353497,5,0.30409868658575767,0.75,0.8740212264670382,1.0,"tercile thresholds learned from 2023-2025, applied to 2026 holdout"
regime_family,magic26_v0,dedup_prefer_adjusted,signal_day_ret_1d,mid,0.014774589149543133,0.04325212922353497,10,0.2272974997310038,0.875,0.4267191606423355,1.0,"tercile thresholds learned from 2023-2025, applied to 2026 holdout"
regime_family,magic26_v0,dedup_prefer_adjusted,signal_day_ret_1d,high,0.014774589149543133,0.04325212922353497,19,0.13140808386028285,0.6111111111111112,0.10514787158654579,0.625,"tercile thresholds learned from 2023-2025, applied to 2026 holdout"
regime_family,magic26_v0,dedup_prefer_adjusted,next_open_gap,low,-0.00022675736961446708,0.007945648482202866,8,0.29633805324392715,1.0,0.2625536028305735,0.5,"tercile thresholds learned from 2023-2025, applied to 2026 holdout"
regime_family,magic26_v0,dedup_prefer_adjusted,next_open_gap,mid,-0.00022675736961446708,0.007945648482202866,9,0.24229954923757402,0.7777777777777778,0.6560649126465421,1.0,"tercile thresholds learned from 2023-2025, applied to 2026 holdout"
regime_family,magic26_v0,dedup_prefer_adjusted,next_open_gap,high,-0.00022675736961446708,0.007945648482202866,17,0.08178985270217831,0.5,0.05078105480791811,0.6666666666666666,"tercile thresholds learned from 2023-2025, applied to 2026 holdout"
regime_family,magic26_v0,dedup_prefer_adjusted,ret_20d,low,0.1355135745746234,0.25824578234322987,3,0.353934226537459,1.0,,,"tercile thresholds learned from 2023-2025, applied to 2026 holdout"
regime_family,magic26_v0,dedup_prefer_adjusted,ret_20d,mid,0.1355135745746234,0.25824578234322987,17,0.1958461357202596,0.8,0.3826913510695995,0.8,"tercile thresholds learned from 2023-2025, applied to 2026 holdout"
regime_family,magic26_v0,dedup_prefer_adjusted,ret_20d,high,0.1355135745746234,0.25824578234322987,14,0.11671879485499015,0.5,0.04569332089074848,0.6,"tercile thresholds learned from 2023-2025, applied to 2026 holdout"
regime_family,magic26_v0,dedup_prefer_adjusted,range_pos,low,1.0,1.0,34,0.18000400845587178,0.7,0.21419233598017393,0.7,"tercile thresholds learned from 2023-2025, applied to 2026 holdout"
regime_family,magic26_v0,dedup_prefer_adjusted,range_pos,mid,1.0,1.0,0,,,,,"tercile thresholds learned from 2023-2025, applied to 2026 holdout"
regime_family,magic26_v0,dedup_prefer_adjusted,range_pos,high,1.0,1.0,0,,,,,"tercile thresholds learned from 2023-2025, applied to 2026 holdout"
regime_family,magic26_v0_quality,dedup_prefer_adjusted,signal_day_ret_1d,low,0.016284257516265964,0.042867894421738134,6,0.3471699725796386,0.8,0.8740212264670382,1.0,"tercile thresholds learned from 2023-2025, applied to 2026 holdout"
regime_family,magic26_v0_quality,dedup_prefer_adjusted,signal_day_ret_1d,mid,0.016284257516265964,0.042867894421738134,8,0.20583184119429335,0.8333333333333334,0.4267191606423355,1.0,"tercile thresholds learned from 2023-2025, applied to 2026 holdout"
regime_family,magic26_v0_quality,dedup_prefer_adjusted,signal_day_ret_1d,high,0.016284257516265964,0.042867894421738134,17,0.11489950028374436,0.5882352941176471,0.10514787158654579,0.625,"tercile thresholds learned from 2023-2025, applied to 2026 holdout"
regime_family,magic26_v0_quality,dedup_prefer_adjusted,next_open_gap,low,0.0,0.00983170564174033,11,0.19234743760649847,0.8,0.47017262343729854,0.6666666666666666,"tercile thresholds learned from 2023-2025, applied to 2026 holdout"
regime_family,magic26_v0_quality,dedup_prefer_adjusted,next_open_gap,mid,0.0,0.00983170564174033,4,0.4639000252480316,1.0,0.4267191606423355,1.0,"tercile thresholds learned from 2023-2025, applied to 2026 holdout"
regime_family,magic26_v0_quality,dedup_prefer_adjusted,next_open_gap,high,0.0,0.00983170564174033,16,0.08178985270217831,0.5,0.05078105480791811,0.6666666666666666,"tercile thresholds learned from 2023-2025, applied to 2026 holdout"
regime_family,magic26_v0_quality,dedup_prefer_adjusted,ret_20d,low,0.1425829457224045,0.25612289394822174,3,0.28354434365679876,1.0,,,"tercile thresholds learned from 2023-2025, applied to 2026 holdout"
regime_family,magic26_v0_quality,dedup_prefer_adjusted,ret_20d,mid,0.1425829457224045,0.25612289394822174,15,0.20560568043517916,0.7692307692307693,0.3826913510695995,0.8,"tercile thresholds learned from 2023-2025, applied to 2026 holdout"
regime_family,magic26_v0_quality,dedup_prefer_adjusted,ret_20d,high,0.1425829457224045,0.25612289394822174,13,0.11671879485499015,0.5,0.04569332089074848,0.6,"tercile thresholds learned from 2023-2025, applied to 2026 holdout"
regime_family,magic26_v0_quality,dedup_prefer_adjusted,range_pos,low,1.0,1.0,31,0.17586187196027175,0.6785714285714286,0.21419233598017393,0.7,"tercile thresholds learned from 2023-2025, applied to 2026 holdout"
regime_family,magic26_v0_quality,dedup_prefer_adjusted,range_pos,mid,1.0,1.0,0,,,,,"tercile thresholds learned from 2023-2025, applied to 2026 holdout"
regime_family,magic26_v0_quality,dedup_prefer_adjusted,range_pos,high,1.0,1.0,0,,,,,"tercile thresholds learned from 2023-2025, applied to 2026 holdout"
